{
    "\u041a\u043e\u043a\u043e\u0441": {
        "avg_price": 3781.214285714286,
        "max_price": 8457,
        "min_price": 735
    },
    "\u0414\u044b\u043d\u044f": {
        "avg_price": 5415.65,
        "max_price": 9406,
        "min_price": 259
    },
    "\u041f\u043e\u043b\u043e\u0442\u0435\u043d\u0446\u0430 \u043a\u0443\u0445\u043e\u043d\u043d\u044b\u0435": {
        "avg_price": 4973.666666666667,
        "max_price": 9821,
        "min_price": 155
    },
    "\u041a\u043b\u0443\u0431\u043d\u0438\u043a\u0430": {
        "avg_price": 5181.708333333333,
        "max_price": 9880,
        "min_price": 400
    },
    "Coca-Cola Zero": {
        "avg_price": 5504.0625,
        "max_price": 9948,
        "min_price": 887
    },
    "\u041a\u0430\u0448\u0430 \u0438\u0437 \u0434\u0440\u043e\u0431\u043b\u0435\u043d\u043e\u0439 \u044f\u0447\u043c\u0435\u043d\u044f": {
        "avg_price": 4049.277777777778,
        "max_price": 9222,
        "min_price": 150
    },
    "\u041d\u043e\u0432\u043e\u0448\u0430\u0445\u0442\u0438\u043d\u0441\u043a\u0430\u044f": {
        "avg_price": 7610.2,
        "max_price": 9086,
        "min_price": 4509
    },
    "\u041e\u0433\u0443\u0440\u0435\u0446": {
        "avg_price": 5539.12,
        "max_price": 9991,
        "min_price": 111
    },
    "\u041f\u0430\u043a\u0435\u0442\u044b \u0434\u043b\u044f \u0445\u0440\u0430\u043d\u0435\u043d\u0438\u044f \u043e\u0434\u0435\u0436\u0434\u044b": {
        "avg_price": 4340.181818181818,
        "max_price": 9260,
        "min_price": 1001
    },
    "\u041f\u0430\u043a\u0435\u0442\u044b \u0434\u043b\u044f \u0437\u0430\u043c\u043e\u0440\u043e\u0437\u043a\u0438": {
        "avg_price": 4294.45,
        "max_price": 8084,
        "min_price": 135
    },
    "\u0413\u043e\u043b\u043b\u0430\u043d\u0434\u0441\u043a\u0438\u0439 \u0441\u044b\u0440": {
        "avg_price": 4619.086956521739,
        "max_price": 9599,
        "min_price": 919
    },
    "\u041c\u043e\u043b\u043e\u043a\u043e": {
        "avg_price": 5419.583333333333,
        "max_price": 9960,
        "min_price": 291
    },
    "\u0420\u043e\u0441\u0441\u0438\u0439\u0441\u043a\u0438\u0439 \u0441\u044b\u0440": {
        "avg_price": 5416.538461538462,
        "max_price": 9442,
        "min_price": 891
    },
    "\u041f\u0430\u0441\u0442\u0435\u0440\u043d\u0430\u043a": {
        "avg_price": 5203.857142857143,
        "max_price": 9550,
        "min_price": 1701
    },
    "\u041a\u0443\u0440\u0442": {
        "avg_price": 5881.5,
        "max_price": 9906,
        "min_price": 440
    },
    "\u0420\u0430\u0441\u0442\u0438\u0442\u0435\u043b\u044c\u043d\u043e\u0435 \u043c\u0430\u0441\u043b\u043e \u043a\u0443\u043d\u0436\u0443\u0442\u043d\u043e\u0435": {
        "avg_price": 3887.3333333333335,
        "max_price": 8894,
        "min_price": 1322
    },
    "\u041f\u0430\u0445\u0442\u0430": {
        "avg_price": 5253.615384615385,
        "max_price": 9749,
        "min_price": 1182
    },
    "\u041e\u0440\u0435\u0433\u0430\u043d\u043e \u0441\u0443\u0448\u0435\u043d\u044b\u0439": {
        "avg_price": 5368.0,
        "max_price": 9868,
        "min_price": 370
    },
    "\u041f\u0440\u043e\u0441\u0442\u043e\u043a\u0432\u0430\u0448\u0430": {
        "avg_price": 5777.4,
        "max_price": 9503,
        "min_price": 3387
    },
    "\u042f\u043c\u0430\u0439\u0441\u043a\u0438\u0439 \u043f\u0435\u0440\u0435\u0446 \u0433\u043e\u0440\u043e\u0448\u043a\u043e\u043c": {
        "avg_price": 5178.25,
        "max_price": 9779,
        "min_price": 390
    },
    "\u0413\u0430\u0443\u0434\u0430": {
        "avg_price": 4886.3,
        "max_price": 9261,
        "min_price": 1512
    },
    "\u041c\u0430\u043d\u0433\u043e": {
        "avg_price": 3605.45,
        "max_price": 8184,
        "min_price": 858
    },
    "\u0411\u0430\u0437\u0438\u043b\u0438\u043a \u0441\u0443\u0448\u0435\u043d\u044b\u0439": {
        "avg_price": 3608.85,
        "max_price": 9224,
        "min_price": 139
    },
    "\u041f\u0438\u0440\u043e\u0433\u0438 \u0441 \u043c\u044f\u0441\u043e\u043c": {
        "avg_price": 5478.4,
        "max_price": 9617,
        "min_price": 538
    },
    "\u041b\u0430\u0442\u0442\u0435": {
        "avg_price": 5760.176470588235,
        "max_price": 9628,
        "min_price": 193
    },
    "\u0422\u043e\u043c\u0441\u043a\u0430\u044f": {
        "avg_price": 3926.277777777778,
        "max_price": 8865,
        "min_price": 610
    },
    "\u0411\u0430\u043d\u0430\u043d": {
        "avg_price": 4928.0,
        "max_price": 9511,
        "min_price": 1408
    },
    "\u0420\u0430\u043c\u0431\u0443\u0442\u0430\u043d": {
        "avg_price": 3516.818181818182,
        "max_price": 8872,
        "min_price": 499
    },
    "\u0421\u043c\u043e\u0440\u043e\u0434\u0438\u043d\u0430": {
        "avg_price": 4672.181818181818,
        "max_price": 9069,
        "min_price": 920
    },
    "\u041a\u0438\u0432\u0438": {
        "avg_price": 4923.75,
        "max_price": 9538,
        "min_price": 306
    },
    "\u041a\u043e\u043d\u0434\u0438\u0446\u0438\u043e\u043d\u0435\u0440 \u0434\u043b\u044f \u0431\u0435\u043b\u044c\u044f": {
        "avg_price": 5423.533333333334,
        "max_price": 9258,
        "min_price": 579
    },
    "\u0424\u043e\u043b\u044c\u0433\u0430 \u0430\u043b\u044e\u043c\u0438\u043d\u0438\u0435\u0432\u0430\u044f": {
        "avg_price": 7027.384615384615,
        "max_price": 9848,
        "min_price": 1591
    },
    "\u041a\u0430\u0440\u0430\u043c\u0431\u043e\u043b\u0430": {
        "avg_price": 4949.571428571428,
        "max_price": 9987,
        "min_price": 126
    },
    "\u041b\u044e\u0431\u0435\u0440\u0435\u0446\u043a\u0430\u044f": {
        "avg_price": 4126.888888888889,
        "max_price": 8097,
        "min_price": 524
    },
    "\u041f\u0430\u0440\u043c\u0435\u0437\u0430\u043d": {
        "avg_price": 5233.125,
        "max_price": 9951,
        "min_price": 785
    },
    "\u0423\u043a\u0440\u043e\u043f": {
        "avg_price": 5084.789473684211,
        "max_price": 9220,
        "min_price": 863
    },
    "\u041a\u0430\u0448\u0430 \u0438\u0437 \u043a\u0443\u043a\u0443\u0440\u0443\u0437\u043d\u043e\u0439 \u043c\u0443\u043a\u0438": {
        "avg_price": 3785.8214285714284,
        "max_price": 9440,
        "min_price": 122
    },
    "\u041a\u043e\u043d\u0438\u043d\u0430": {
        "avg_price": 4676.454545454545,
        "max_price": 8895,
        "min_price": 3082
    },
    "\u0421\u0432\u0435\u043a\u043b\u0430": {
        "avg_price": 4782.4,
        "max_price": 9688,
        "min_price": 434
    },
    "\u041a\u0430\u0448\u0430 \u0438\u0437 \u0434\u0440\u043e\u0431\u043b\u0435\u043d\u043d\u043e\u0439 \u043f\u043e\u043b\u0435\u043d\u0442\u044b": {
        "avg_price": 4023.25,
        "max_price": 9933,
        "min_price": 535
    },
    "\u041c\u0430\u0442\u0440\u0430\u0441\u044b": {
        "avg_price": 4863.0,
        "max_price": 8791,
        "min_price": 278
    },
    "\u041f\u0430\u043a\u0435\u0442\u044b \u0434\u043b\u044f \u0441\u0430\u0434\u043e\u0432\u044b\u0445 \u0440\u0430\u0431\u043e\u0442": {
        "avg_price": 4814.461538461538,
        "max_price": 9956,
        "min_price": 604
    },
    "Perrier": {
        "avg_price": 5603.222222222223,
        "max_price": 9986,
        "min_price": 1271
    },
    "\u0421\u044b\u0440": {
        "avg_price": 5762.058823529412,
        "max_price": 9951,
        "min_price": 1134
    },
    "\u042f\u043c\u0441": {
        "avg_price": 3833.5714285714284,
        "max_price": 6440,
        "min_price": 431
    },
    "\u0420\u043e\u0441\u0442\u043e\u0432\u0441\u043a\u0430\u044f-\u043d\u0430-\u0414\u043e\u043d\u0443": {
        "avg_price": 5185.235294117647,
        "max_price": 9307,